feature,baseline_macro_f1,importance_mean,importance_std,score_after_permutation_mean
char_svd_4,0.7272662318711288,0.0076329516643701915,0.002171231468947998,0.7196332802067587
pos_neg_top_diff,0.7272662318711288,0.007230009773001589,0.002992471416266634,0.7200362220981272
word_svd_3,0.7272662318711288,0.006267774388968394,0.0017421594419704432,0.7209984574821604
word_svd_6,0.7272662318711288,0.005700401441178449,0.0019485129371709282,0.7215658304299504
char_svd_8,0.7272662318711288,0.005481144410208016,0.0015673479555322794,0.7217850874609208
exclaims_per_word,0.7272662318711288,0.0051673542331093,0.0019632518844304326,0.7220988776380195
char_svd_34,0.7272662318711288,0.004482506044784995,0.0006953175719460372,0.7227837258263439
char_svd_35,0.7272662318711288,0.004345498844214912,0.0028933588691422633,0.722920733026914
char_svd_1,0.7272662318711288,0.004022001535510733,0.002540087298076668,0.7232442303356181
char_svd_82,0.7272662318711288,0.0038649091189014717,0.0008287697484664864,0.7234013227522273
num_chars,0.7272662318711288,0.003415716089110221,0.0017600934353622897,0.7238505157820186
char_svd_25,0.7272662318711288,0.0033346471820966616,0.0015223964646945993,0.7239315846890322
word_svd_58,0.7272662318711288,0.003173190669390302,0.0011808581658693366,0.7240930412017386
char_svd_56,0.7272662318711288,0.0030958520622967668,0.0008007015965612463,0.724170379808832
char_svd_14,0.7272662318711288,0.003069400291478175,0.001498495869601659,0.7241968315796506
word_svd_33,0.7272662318711288,0.0029842337822393095,0.001268813143122908,0.7242819980888895
word_svd_119,0.7272662318711288,0.002751310207202362,0.0011723491523344433,0.7245149216639265
word_svd_93,0.7272662318711288,0.0026658063276809195,0.0006257289539245343,0.724600425543448
word_svd_4,0.7272662318711288,0.0026379508818704656,0.0008010458149694632,0.7246282809892584
word_svd_74,0.7272662318711288,0.002629735184549964,0.0015462953314092547,0.7246364966865788
has_not_recommend,0.7272662318711288,0.0025955454860831172,0.0010101974013889926,0.7246706863850457
word_svd_101,0.7272662318711288,0.002525573753589372,0.0009489832514075074,0.7247406581175394
num_negations,0.7272662318711288,0.002451961174078998,0.0017907540605816296,0.7248142706970498
word_svd_25,0.7272662318711288,0.0022148675972722743,0.0018965941976332801,0.7250513642738565
word_svd_78,0.7272662318711288,0.002203113957182157,0.0006720622313177533,0.7250631179139466
word_svd_112,0.7272662318711288,0.002199360009882567,0.0010712212225415635,0.7250668718612463
word_svd_12,0.7272662318711288,0.0021605551191746786,0.0011249639893390524,0.7251056767519541
punct_ratio,0.7272662318711288,0.00215373817310176,0.0013076590296323234,0.7251124936980271
word_svd_29,0.7272662318711288,0.002108205411598463,0.0007819310287538518,0.7251580264595303
char_svd_15,0.7272662318711288,0.002104341800264664,0.0009387537876389349,0.7251618900708642
char_svd_27,0.7272662318711288,0.002057708315531226,0.00027767883276348047,0.7252085235555976
punct_per_word,0.7272662318711288,0.0020508648917037407,0.001138813889757499,0.7252153669794251
char_svd_109,0.7272662318711288,0.0020183365916659037,0.0004807182749708408,0.7252478952794629
word_svd_17,0.7272662318711288,0.0020106358552022473,0.0006798320766576948,0.7252555960159266
class_1_top_match_ratio,0.7272662318711288,0.001976448257941654,0.00033204698607399303,0.7252897836131872
word_svd_75,0.7272662318711288,0.0019506554929541009,0.0008815657543541872,0.7253155763781747
char_svd_5,0.7272662318711288,0.0019354982529789845,0.001043666636242066,0.7253307336181498
word_svd_190,0.7272662318711288,0.001931831979352805,0.0010597412440594579,0.7253343998917761
pos_words_per_word,0.7272662318711288,0.0019237114217714123,0.00098669358388586,0.7253425204493574
char_svd_141,0.7272662318711288,0.0019014013778804629,0.0004034365469000928,0.7253648304932484
word_svd_55,0.7272662318711288,0.001883840862744579,0.0005966529283195098,0.7253823910083842
word_svd_10,0.7272662318711288,0.0018817806926550106,0.0008411680410126492,0.7253844511784738
word_svd_122,0.7272662318711288,0.0018670513971866364,0.0004372338754019193,0.7253991804739421
word_svd_54,0.7272662318711288,0.0018571237884104086,0.0009528759792780873,0.7254091080827184
char_svd_55,0.7272662318711288,0.0018266269132706015,0.0009496224096579616,0.7254396049578582
char_svd_113,0.7272662318711288,0.0018007847257375698,0.00132772683192482,0.7254654471453913
char_svd_111,0.7272662318711288,0.0017909110905254266,0.0014518553312611443,0.7254753207806034
word_svd_70,0.7272662318711288,0.0017463847759906503,0.001471369205393963,0.7255198470951382
char_svd_100,0.7272662318711288,0.0017442090161127633,0.0006763386553944293,0.7255220228550161
char_svd_3,0.7272662318711288,0.0017009106397027907,0.0005256980166082176,0.725565321231426
word_svd_36,0.7272662318711288,0.0016655919550987441,0.0017010026708901287,0.7256006399160301
word_svd_133,0.7272662318711288,0.0016633990513836184,0.000679816858501728,0.7256028328197452
char_svd_39,0.7272662318711288,0.0016330648674654613,0.0006716961803919232,0.7256331670036633
word_svd_9,0.7272662318711288,0.0016250380184704484,0.0011224728032020524,0.7256411938526584
char_svd_116,0.7272662318711288,0.001623727103830297,0.0010089705198617618,0.7256425047672985
word_svd_19,0.7272662318711288,0.0015965752565918257,0.0005063021574387822,0.725669656614537
word_svd_76,0.7272662318711288,0.0015901619220731744,0.00077141644724357,0.7256760699490556
avg_exclaims_per_sentence,0.7272662318711288,0.0015869677912829562,0.0009058315413426666,0.7256792640798458
word_svd_53,0.7272662318711288,0.0015681126153661129,0.0013215427153725596,0.7256981192557627
word_svd_159,0.7272662318711288,0.0015450444360551874,0.0006110851569835601,0.7257211874350736
char_svd_13,0.7272662318711288,0.0015299541819324691,0.0010157839051914907,0.7257362776891964
char_svd_78,0.7272662318711288,0.0015279470036833275,0.00022029450025144476,0.7257382848674455
word_svd_153,0.7272662318711288,0.0015259715953686026,0.0006785240948089364,0.7257402602757602
word_svd_14,0.7272662318711288,0.0015199359131919054,0.0009063901644925048,0.7257462959579369
word_svd_189,0.7272662318711288,0.0014959449177189166,0.000703120331318295,0.72577028695341
word_svd_86,0.7272662318711288,0.0014885320557167735,0.0006126804442380208,0.7257776998154121
unique_ratio,0.7272662318711288,0.0014788988911697443,0.001807208795423728,0.7257873329799591
word_svd_22,0.7272662318711288,0.001470448872005381,0.003063123842275245,0.7257957829991234
word_svd_0,0.7272662318711288,0.0014570927583981818,0.0008158908334418261,0.7258091391127306
word_svd_162,0.7272662318711288,0.0014540448562050169,0.0005456116136159799,0.7258121870149238
word_svd_61,0.7272662318711288,0.0014477609059175389,0.0010963553230272495,0.7258184709652112
word_svd_37,0.7272662318711288,0.0014377687663142068,0.001045218023639927,0.7258284631048146
char_svd_2,0.7272662318711288,0.0014130475890854032,0.003083225239606197,0.7258531842820434
word_svd_49,0.7272662318711288,0.0014070132214945464,0.0009150172976173794,0.7258592186496343
char_svd_53,0.7272662318711288,0.0014030208013454005,0.00039148544776181743,0.7258632110697835
char_svd_136,0.7272662318711288,0.0013946631021556134,0.0009141912743967517,0.7258715687689732
word_svd_102,0.7272662318711288,0.001386778351921958,0.0006332169444725058,0.7258794535192069
word_svd_192,0.7272662318711288,0.0013611857123804194,0.0006923838440241727,0.7259050461587484
num_uppercase_letters,0.7272662318711288,0.0013524638320956185,0.0003123345022077975,0.7259137680390332
char_svd_107,0.7272662318711288,0.0013503191246412084,0.0006027110893238784,0.7259159127464876
char_svd_68,0.7272662318711288,0.0013377954039907713,0.0009169134312523101,0.725928436467138
word_svd_71,0.7272662318711288,0.00130747643105531,0.000808936714782721,0.7259587554400735
char_svd_102,0.7272662318711288,0.0013014248710371047,0.0012071690919207953,0.7259648070000917
word_svd_138,0.7272662318711288,0.0013004334463046162,0.00045013620830348526,0.7259657984248242
word_svd_158,0.7272662318711288,0.0012997168408961147,0.0005747227055455895,0.7259665150302327
word_svd_186,0.7272662318711288,0.0012865987412774115,0.0004488629055576494,0.7259796331298514
char_svd_91,0.7272662318711288,0.0012764629269946814,0.0003096874595330949,0.7259897689441341
word_svd_125,0.7272662318711288,0.00127414506084913,0.0007374981250593363,0.7259920868102797
word_svd_60,0.7272662318711288,0.0012708906415006993,0.0009763102833254849,0.7259953412296282
char_svd_108,0.7272662318711288,0.001251981033181071,0.0006324444843637312,0.7260142508379478
word_svd_111,0.7272662318711288,0.0012515503261876447,0.0007671489624041325,0.7260146815449412
word_svd_26,0.7272662318711288,0.0012400469610584163,0.0006347411172459565,0.7260261849100704
word_svd_195,0.7272662318711288,0.0012203874317631147,0.0007277542433318072,0.7260458444393657
char_svd_49,0.7272662318711288,0.0012136583847555781,0.0008145442577529283,0.7260525734863732
word_svd_167,0.7272662318711288,0.0012047415255284743,0.0009567971974520111,0.7260614903456003
char_svd_11,0.7272662318711288,0.0011784127551404343,0.000673948895074575,0.7260878191159884
word_svd_176,0.7272662318711288,0.0011764718213612025,0.0006262984919727464,0.7260897600497677
avg_sentence_len_words,0.7272662318711288,0.0011662677587887637,0.0012422678215637333,0.72609996411234
char_svd_54,0.7272662318711288,0.001155215481871319,0.0012507714550281392,0.7261110163892575
char_svd_139,0.7272662318711288,0.0011472962731944535,0.0007923706289829739,0.7261189355979344
word_svd_51,0.7272662318711288,0.0011422901410233833,0.0002622771648109825,0.7261239417301054
lexicon_balance_ratio,0.7272662318711288,0.0011419061691112953,0.0009089875768588265,0.7261243257020176
char_svd_130,0.7272662318711288,0.0011284700663024116,0.00025071876126149317,0.7261377618048264
num_digits,0.7272662318711288,0.0011184844896262147,0.0003461781299778224,0.7261477473815026
word_svd_72,0.7272662318711288,0.0011123037420533999,0.000587739394654619,0.7261539281290754
word_svd_183,0.7272662318711288,0.0011074020764361813,0.0010384418411239693,0.7261588297946926
word_svd_97,0.7272662318711288,0.0010949531690166215,0.0008805315766019059,0.7261712787021122
char_svd_12,0.7272662318711288,0.0010822944442252069,0.0009417836606196574,0.7261839374269036
char_svd_0,0.7272662318711288,0.0010634194717718648,0.0007667544464938014,0.7262028123993569
word_svd_42,0.7272662318711288,0.0010542328429836267,0.0012687108199639398,0.7262119990281451
word_svd_179,0.7272662318711288,0.0010528813194350395,0.0005604619811448993,0.7262133505516938
word_svd_43,0.7272662318711288,0.0010518905691808468,0.0007206260361892398,0.726214341301948
char_svd_67,0.7272662318711288,0.0010314539628545117,0.0008171558651272005,0.7262347779082743
word_svd_134,0.7272662318711288,0.0010289391234805211,0.0009729531199766275,0.7262372927476483
word_svd_157,0.7272662318711288,0.0010249859133361738,0.0006752686654633784,0.7262412459577926
word_svd_120,0.7272662318711288,0.0010138057573511495,0.0006945443392444356,0.7262524261137777
word_svd_128,0.7272662318711288,0.0010121241457999642,0.000440794755196387,0.7262541077253288
has_mismatch,0.7272662318711288,0.0009933462435045115,0.0004699228084334895,0.7262728856276243
char_svd_98,0.7272662318711288,0.0009859625493190637,0.00036919655638984416,0.7262802693218098
class_0_top_match_ratio,0.7272662318711288,0.0009836600984382883,0.00046102951608019725,0.7262825717726905
word_svd_177,0.7272662318711288,0.0009664945361852473,0.0008222099440397008,0.7262997373349436
word_svd_85,0.7272662318711288,0.0009663002475276183,0.0008954234844103908,0.7262999316236012
char_svd_60,0.7272662318711288,0.000965213300323331,0.0006080412613299165,0.7263010185708055
word_svd_155,0.7272662318711288,0.0009461725858513903,0.0009534938085021582,0.7263200592852774
word_svd_5,0.7272662318711288,0.0009279037239901866,0.002008722192016745,0.7263383281471386
char_svd_29,0.7272662318711288,0.0009147407784684481,0.0005454290149088954,0.7263514910926604
word_svd_199,0.7272662318711288,0.0009139211706164386,0.00023348598760891706,0.7263523107005124
char_svd_28,0.7272662318711288,0.00091199951479215,0.0007546428243380691,0.7263542323563367
word_svd_142,0.7272662318711288,0.0009058780572979375,0.0006762420664520156,0.7263603538138309
word_svd_40,0.7272662318711288,0.0009035433565670603,0.000744421581794889,0.7263626885145618
word_svd_30,0.7272662318711288,0.0008985644214949629,0.0010256027908810046,0.7263676674496339
word_svd_105,0.7272662318711288,0.000886147280044014,0.0006711109346927587,0.7263800845910848
word_svd_69,0.7272662318711288,0.0008760062804886281,0.0009782859497965589,0.7263902255906401
word_svd_77,0.7272662318711288,0.000863260994992987,0.0005001597759639124,0.7264029708761358
word_svd_139,0.7272662318711288,0.0008499248719493702,0.00073572119919111,0.7264163069991795
word_svd_38,0.7272662318711288,0.0008456709875018786,0.0009501653739230938,0.7264205608836269
avg_word_len,0.7272662318711288,0.0008417802506315075,0.0007801062386504635,0.7264244516204973
char_svd_120,0.7272662318711288,0.0008377192908816777,0.0005359951491328222,0.7264285125802471
word_svd_24,0.7272662318711288,0.0008312048915961823,0.0006011056255100745,0.7264350269795327
word_svd_94,0.7272662318711288,0.0008150397345854321,0.0008944816702653847,0.7264511921365434
char_svd_61,0.7272662318711288,0.0008124829037706282,0.0004607933234736465,0.7264537489673581
word_svd_98,0.7272662318711288,0.0008096447482156988,0.0008720801005640942,0.7264565871229132
word_svd_163,0.7272662318711288,0.000808067137742885,0.0006491418820717252,0.726458164733386
char_svd_122,0.7272662318711288,0.000802703233612978,0.00046612944974277603,0.7264635286375158
word_svd_56,0.7272662318711288,0.000794859388299618,0.0002536206110827671,0.7264713724828292
num_short_words,0.7272662318711288,0.0007731046439255485,0.0003367654837857617,0.7264931272272033
char_svd_99,0.7272662318711288,0.0007684907290469223,0.0005438829407647723,0.7264977411420819
char_svd_86,0.7272662318711288,0.0007562007548839178,0.0007792260813238813,0.7265100311162449
word_svd_81,0.7272662318711288,0.0007531414509394319,0.0007390338893857556,0.7265130904201894
word_svd_194,0.7272662318711288,0.000745097133998196,0.00044426205866106327,0.7265211347371306
char_svd_104,0.7272662318711288,0.0007250550838400649,0.0005757944792031401,0.7265411767872888
caps_per_word,0.7272662318711288,0.0007194317871484391,1.5729770248862353e-05,0.7265468000839804
word_svd_144,0.7272662318711288,0.0007083103827487224,0.0003675350579563968,0.72655792148838
word_svd_11,0.7272662318711288,0.0007058640866717036,0.0007477980165272018,0.7265603677844571
word_svd_7,0.7272662318711288,0.0007001096006933105,0.0008510245053252477,0.7265661222704355
word_svd_185,0.7272662318711288,0.0006960476702698726,0.0006878821736060999,0.726570184200859
word_svd_198,0.7272662318711288,0.0006824057445465436,0.0005518254415343467,0.7265838261265822
word_svd_191,0.7272662318711288,0.0006771592797352622,0.0003400464330933334,0.7265890725913936
char_svd_18,0.7272662318711288,0.0006727378642477743,0.00024282443119891448,0.726593494006881
char_svd_137,0.7272662318711288,0.0006653007120383414,0.0007587014747067476,0.7266009311590905
word_svd_96,0.7272662318711288,0.0006643524707589776,0.0009372036162770141,0.7266018794003698
word_svd_146,0.7272662318711288,0.0006595874784802724,0.0006912346257823374,0.7266066443926485
char_svd_76,0.7272662318711288,0.0006584878330123445,0.0012910457559900462,0.7266077440381165
char_svd_26,0.7272662318711288,0.0006544135159311625,0.00037015978866338374,0.7266118183551976
median_word_len,0.7272662318711288,0.0006483047333319281,0.00034797558117546343,0.7266179271377969
num_punct,0.7272662318711288,0.0006461921532523451,0.0003010918405487908,0.7266200397178765
char_svd_42,0.7272662318711288,0.0006453148290269217,0.00030444756314717305,0.7266209170421019
space_ratio,0.7272662318711288,0.0006389733181164203,0.0008167965660747691,0.7266272585530124
char_svd_146,0.7272662318711288,0.0006380161506890358,0.0005860668361311198,0.7266282157204398
char_svd_72,0.7272662318711288,0.0006245053142640344,0.0005486894864865685,0.7266417265568648
word_svd_149,0.7272662318711288,0.0006236261750467653,0.0005655704988268309,0.7266426056960821
class_-1_top_match_ratio,0.7272662318711288,0.0006210409352324752,0.00048132960055398004,0.7266451909358963
char_svd_10,0.7272662318711288,0.0006097865753284859,0.0007327505263491925,0.7266564452958003
word_svd_113,0.7272662318711288,0.0005977714097679998,0.0005068857516072912,0.7266684604613608
word_svd_141,0.7272662318711288,0.0005926849686817004,0.0002488041083474757,0.7266735469024471
word_svd_140,0.7272662318711288,0.0005901061008126707,0.00038631593270354485,0.7266761257703162
word_svd_127,0.7272662318711288,0.0005862425867487308,0.0012267434956908538,0.72667998928438
char_svd_105,0.7272662318711288,0.0005803700731739525,0.0011282118002849913,0.7266858617979549
has_ellipsis,0.7272662318711288,0.0005800257857988322,0.0005738091918214278,0.72668620608533
char_svd_21,0.7272662318711288,0.0005652684496056049,0.0012619269817596048,0.7267009634215232
word_svd_184,0.7272662318711288,0.0005595733560864513,0.0002254302537063114,0.7267066585150423
word_svd_48,0.7272662318711288,0.0005544049244650129,0.000501647004213713,0.7267118269466638
word_svd_1,0.7272662318711288,0.0005520935922307624,0.002375176455665571,0.7267141382788981
neg_words_per_word,0.7272662318711288,0.0005495192836771246,0.00033406765637038904,0.7267167125874517
avg_sentence_len_chars,0.7272662318711288,0.0005491529223804914,0.0011009169309108668,0.7267170789487484
char_svd_33,0.7272662318711288,0.0005420656432808757,0.002677545138003685,0.726724166227848
uppercase_ratio,0.7272662318711288,0.0005365970577185131,0.00043970633648994056,0.7267296348134104
char_svd_50,0.7272662318711288,0.0005327855830926876,0.0010058193292039825,0.7267334462880362
char_svd_144,0.7272662318711288,0.0005313960910712012,0.0005475688819594707,0.7267348357800576
word_svd_44,0.7272662318711288,0.0005252376385437296,0.00028592143191953634,0.7267409942325851
word_svd_180,0.7272662318711288,0.0005237364879660644,0.0004573394324913881,0.7267424953831627
char_svd_129,0.7272662318711288,0.000518180491718856,0.00042444149378091596,0.72674805137941
num_commas,0.7272662318711288,0.00048527177248129937,0.00015981779017752045,0.7267809600986476
class_-1_top_unique_match_count,0.7272662318711288,0.00047647385723126323,0.0003471138483530175,0.7267897580138976
word_svd_169,0.7272662318711288,0.00047266496898690225,0.000506557465632559,0.7267935669021419
char_svd_64,0.7272662318711288,0.0004682694901214202,0.0008504994620463244,0.7267979623810074
word_svd_181,0.7272662318711288,0.00046571877300878307,0.0005545941731784196,0.72680051309812
char_svd_73,0.7272662318711288,0.00046242833422101005,0.001304761845318382,0.7268038035369078
num_repeated_chars,0.7272662318711288,0.00046032827892605876,0.00016048221638734526,0.7268059035922028
has_strong_positive_phrase,0.7272662318711288,0.000452910920799976,0.000930868417982222,0.7268133209503288
word_svd_23,0.7272662318711288,0.0004519210331705992,0.0002625569064886997,0.7268143108379582
char_svd_114,0.7272662318711288,0.0004503611583941636,0.00033567318629183654,0.7268158707127347
word_svd_67,0.7272662318711288,0.0004480177329762469,0.0008254576945843913,0.7268182141381526
word_svd_170,0.7272662318711288,0.0004316310204646401,0.0008731102148283031,0.7268346008506642
char_svd_70,0.7272662318711288,0.0004313163455528013,0.0007336273261462699,0.726834915525576
num_quality_words,0.7272662318711288,0.0004312475112222769,0.00041712863293890475,0.7268349843599066
num_exclaims,0.7272662318711288,0.00042542329543149293,0.0005735229506952575,0.7268408085756973
word_svd_126,0.7272662318711288,0.0004226660103971103,0.0006402932830677635,0.7268435658607317
word_svd_123,0.7272662318711288,0.0004222910125393442,0.0006726180556022663,0.7268439408585895
word_svd_84,0.7272662318711288,0.0004191872210770553,0.0004996611013207493,0.7268470446500518
char_svd_85,0.7272662318711288,0.0004172325110435082,0.000415329116299181,0.7268489993600853
char_svd_37,0.7272662318711288,0.0004144929278402376,0.000465678539100657,0.7268517389432886
word_svd_2,0.7272662318711288,0.0003946073399015759,0.0011889220436543321,0.7268716245312272
num_caps_words,0.7272662318711288,0.0003944634312280648,0.00013607519248948208,0.7268717684399008
word_svd_73,0.7272662318711288,0.00039132721499941515,0.0006468993043478692,0.7268749046561294
num_medium_words,0.7272662318711288,0.00038159877485672845,0.0008368676699272647,0.726884633096272
word_svd_152,0.7272662318711288,0.0003812622777068286,0.001030512392409659,0.726884969593422
word_svd_64,0.7272662318711288,0.0003810702703757496,0.00046553034931190045,0.7268851616007531
word_svd_47,0.7272662318711288,0.00038005923263624287,0.0007392248885907463,0.7268861726384925
char_svd_149,0.7272662318711288,0.0003707595273058972,0.00041355732785756775,0.7268954723438229
word_svd_16,0.7272662318711288,0.00036689578143414006,0.0010567246947878525,0.7268993360896947
word_svd_147,0.7272662318711288,0.0003657305485156526,0.0005291578243167001,0.7269005013226132
char_svd_84,0.7272662318711288,0.0003629866468661813,0.0005815559761734322,0.7269032452242626
word_svd_103,0.7272662318711288,0.0003610914511944285,0.00028016514470131004,0.7269051404199344
char_svd_117,0.7272662318711288,0.0003577683985157565,0.0007815019652178969,0.7269084634726131
word_svd_89,0.7272662318711288,0.00035293011860950687,0.0005782967758359841,0.7269133017525193
word_svd_132,0.7272662318711288,0.0003515490068046301,0.0003178591482022877,0.7269146828643241
word_svd_62,0.7272662318711288,0.00034558607362631386,0.0008176040125716967,0.7269206457975025
word_svd_188,0.7272662318711288,0.00034194708949959464,0.0005422481463947504,0.7269242847816292
char_svd_69,0.7272662318711288,0.00034140953063557247,0.0004872526378056835,0.7269248223404933
word_svd_65,0.7272662318711288,0.00033850975389595475,0.00037329296934062963,0.7269277221172329
char_svd_46,0.7272662318711288,0.00033578538796272814,0.0003911946511728375,0.7269304464831661
num_dots,0.7272662318711288,0.00032917826423140006,0.00021082874992741943,0.7269370536068974
char_svd_62,0.7272662318711288,0.0003210999890720156,0.00044251839932163753,0.7269451318820568
word_svd_108,0.7272662318711288,0.0003166681044807884,0.0007897535126276274,0.726949563766648
word_svd_28,0.7272662318711288,0.0003151654886401012,0.0007436304655962024,0.7269510663824887
char_svd_58,0.7272662318711288,0.00030774190493929596,0.0007824605650771557,0.7269584899661895
word_svd_99,0.7272662318711288,0.0003064110560636824,0.000437977114507126,0.7269598208150652
char_svd_119,0.7272662318711288,0.00029650046256892717,0.00030551672027032524,0.7269697314085599
char_svd_48,0.7272662318711288,0.0002953893933476781,0.000722978898762695,0.7269708424777811
word_svd_20,0.7272662318711288,0.0002938798854713598,0.0003661525537642531,0.7269723519856575
char_svd_38,0.7272662318711288,0.00029175354102044525,0.00019705092070721307,0.7269744783301084
char_svd_135,0.7272662318711288,0.0002864676266390198,0.000966059032998748,0.7269797642444898
word_svd_175,0.7272662318711288,0.0002844883470147108,0.0006246140561311881,0.7269817435241142
word_svd_173,0.7272662318711288,0.0002835220934816141,0.0003844751283209292,0.7269827097776472
char_svd_132,0.7272662318711288,0.00027955844016567253,0.0008910401667290498,0.7269866734309631
word_svd_121,0.7272662318711288,0.0002755064706565058,0.0008869929573885436,0.7269907254004723
char_svd_30,0.7272662318711288,0.00027198980895442036,0.00046716820715959217,0.7269942420621744
char_svd_40,0.7272662318711288,0.00026476616783821516,0.0002643779100751261,0.7270014657032906
char_svd_47,0.7272662318711288,0.00026216688082247863,0.0001395674263630467,0.7270040649903063
char_svd_92,0.7272662318711288,0.000260969001250122,0.0011777965795624458,0.7270052628698787
num_delivery_words,0.7272662318711288,0.00026054595894660083,0.0001330201473381549,0.7270056859121822
word_svd_145,0.7272662318711288,0.00026022458105028344,0.00028465647330766676,0.7270060072900786
word_svd_68,0.7272662318711288,0.00026008790342384457,0.0013471446573787907,0.727006143967705
char_svd_96,0.7272662318711288,0.0002509557391336292,0.0007639710042349304,0.7270152761319952
char_svd_133,0.7272662318711288,0.0002461494835760636,0.0003711279493347828,0.7270200823875528
word_svd_182,0.7272662318711288,0.0002433990168412725,0.0006340704885468148,0.7270228328542876
char_svd_94,0.7272662318711288,0.00023834335405463757,0.0005244033830588027,0.7270278885170742
num_negative_words,0.7272662318711288,0.00023547811570709954,0.0005042727640628877,0.7270307537554217
word_svd_90,0.7272662318711288,0.00023344475319606595,0.00040176202733835,0.7270327871179327
repeat_chars_per_word,0.7272662318711288,0.00023027065840426354,0.0005019397516829527,0.7270359612127245
word_svd_13,0.7272662318711288,0.00022859674450130817,0.0004875902225921504,0.7270376351266276
word_svd_156,0.7272662318711288,0.0002277472781245571,0.0003245380818097891,0.7270384845930042
char_svd_143,0.7272662318711288,0.00022700057142026607,0.00042586388748286065,0.7270392312997086
word_svd_137,0.7272662318711288,0.00022682033807341906,0.00026359129878259565,0.7270394115330554
word_svd_31,0.7272662318711288,0.00022480718511002084,0.0008981970232869485,0.7270414246860188
has_recommend,0.7272662318711288,0.00022074431781073933,0.001042032252190502,0.7270454875533181
char_svd_24,0.7272662318711288,0.0002130158074364008,0.0005683992929021311,0.7270532160636924
char_svd_22,0.7272662318711288,0.00020970892072647018,0.0004167173435684235,0.7270565229504024
char_svd_95,0.7272662318711288,0.0002071603103153574,0.0004461130412040765,0.7270590715608135
max_caps_word_len,0.7272662318711288,0.00020417765424225466,0.00016671035659064434,0.7270620542168865
word_svd_63,0.7272662318711288,0.00020251383842737614,0.0005527403574359157,0.7270637180327014
word_svd_59,0.7272662318711288,0.00019999336003013736,0.0005242677719726113,0.7270662385110986
word_svd_45,0.7272662318711288,0.00019654178042154412,0.0005106423448556332,0.7270696900907073
word_svd_130,0.7272662318711288,0.0001933799761824506,0.0005147574028266067,0.7270728518949464
char_svd_115,0.7272662318711288,0.00018678558401792334,0.0011384948469393662,0.7270794462871109
questions_per_word,0.7272662318711288,0.00018487657381622836,0.0003938775287401693,0.7270813552973125
word_svd_165,0.7272662318711288,0.00018353569886861987,0.0009479351921573159,0.7270826961722602
num_intensifiers,0.7272662318711288,0.00017736813645274907,0.000144820476979192,0.7270888637346761
char_svd_93,0.7272662318711288,0.00017349421708880985,0.0004549263199204431,0.72709273765404
word_svd_110,0.7272662318711288,0.0001709752152099231,0.0006314809639203782,0.7270952566559189
word_svd_193,0.7272662318711288,0.00016488053126801906,0.0005375987307552809,0.7271013513398608
word_svd_83,0.7272662318711288,0.00016173168269670857,0.0007319260858138929,0.7271045001884321
word_svd_35,0.7272662318711288,0.0001614028339728346,0.0018302520330316621,0.727104829037156
num_long_words,0.7272662318711288,0.00015922752048851406,0.00016476549578024418,0.7271070043506404
word_svd_124,0.7272662318711288,0.00015260108924148864,0.0005816193356254734,0.7271136307818873
has_many_exclaims,0.7272662318711288,0.00014821975740646475,0.0002741156467418866,0.7271180121137224
char_svd_31,0.7272662318711288,0.0001439446008483669,0.0006969949635414854,0.7271222872702805
word_svd_172,0.7272662318711288,0.0001419534029347469,0.00047199539902404813,0.727124278468194
word_svd_151,0.7272662318711288,0.00013596314090420504,0.0004046076212554209,0.7271302687302246
word_svd_129,0.7272662318711288,0.00013595256303684523,0.0008562170803175484,0.7271302793080919
class_-1_top_match_count,0.7272662318711288,0.00012747040799685472,0.0003453108622368322,0.7271387614631319
char_svd_57,0.7272662318711288,0.00011849501978273835,0.0005162560504987043,0.727147736851346
word_svd_115,0.7272662318711288,0.00010051941925737218,0.0011406800545197624,0.7271657124518714
char_svd_87,0.7272662318711288,9.748635215118817e-05,0.0006303590913433835,0.7271687455189776
char_svd_112,0.7272662318711288,8.033350555147756e-05,0.0004753505244538164,0.7271858983655773
char_svd_6,0.7272662318711288,7.861424538326833e-05,0.001690562921142799,0.7271876176257456
has_not_arrived,0.7272662318711288,7.72291169972128e-05,0.0003975584919855074,0.7271890027541316
num_quotes,0.7272662318711288,6.805921808075154e-05,0.0001361184361615031,0.7271981726530481
num_newlines,0.7272662318711288,6.805921808075154e-05,0.0001361184361615031,0.7271981726530481
char_svd_147,0.7272662318711288,6.49231599072042e-05,0.0006187087076020094,0.7272013087112216
word_svd_82,0.7272662318711288,6.0309355292575974e-05,0.0002646618099487851,0.7272059225158363
word_svd_80,0.7272662318711288,5.706237406304382e-05,0.0005497119033011161,0.7272091694970658
word_svd_197,0.7272662318711288,5.585578662830049e-05,0.0007232110690943757,0.7272103760845006
char_svd_77,0.7272662318711288,5.5839496541598696e-05,0.0009209015981210551,0.7272103923745872
word_svd_114,0.7272662318711288,4.5607488323051726e-05,0.0009249810563405103,0.7272206243828058
class_0_top_unique_match_count,0.7272662318711288,3.943491409172939e-05,0.0004587726005817638,0.7272267969570371
char_svd_44,0.7272662318711288,3.554399159022559e-05,0.0006585764952765057,0.7272306878795386
word_svd_100,0.7272662318711288,2.9312003867665303e-05,0.0009081879076905519,0.7272369198672611
char_svd_103,0.7272662318711288,2.4228437240902954e-05,0.0007875700942121902,0.7272420034338879
char_svd_140,0.7272662318711288,2.0306074179798905e-05,0.0006955091757572404,0.727245925796949
num_spaces,0.7272662318711288,1.810108007329614e-05,0.0006306550188125246,0.7272481307910555
num_empty_like_fragments,0.7272662318711288,1.579832085600863e-05,1.934891244499535e-05,0.7272504335502729
word_svd_160,0.7272662318711288,1.1441002682466284e-05,0.0004175672781342519,0.7272547908684464
num_mixed_punct,0.7272662318711288,8.945398523541038e-06,0.0005716771920151019,0.7272572864726052
class_0_has_top_word,0.7272662318711288,7.899160428004314e-06,1.579832085600863e-05,0.7272583327107008
num_unique_words,0.7272662318711288,6.161964472606307e-06,0.0002875299817695118,0.7272600699066563
max_char_repeat,0.7272662318711288,6.071514918337684e-06,0.00039737215379653513,0.7272601603562104
word_svd_21,0.7272662318711288,4.8201379503787224e-06,0.0005630015077959698,0.7272614117331785
has_many_questions,0.7272662318711288,0.0,0.0,0.7272662318711288
has_size_issue,0.7272662318711288,0.0,0.0,0.7272662318711288
has_caps_word,0.7272662318711288,0.0,0.0,0.7272662318711288
class_-1_has_top_word,0.7272662318711288,0.0,0.0,0.7272662318711288
class_1_has_top_word,0.7272662318711288,0.0,0.0,0.7272662318711288
random_baseline_feature,0.7272662318711288,0.0,0.0,0.7272662318711288
num_semicolons,0.7272662318711288,0.0,0.0,0.7272662318711288
has_bad_quality,0.7272662318711288,0.0,0.0,0.7272662318711288
has_refund,0.7272662318711288,0.0,0.0,0.7272662318711288
num_size_words,0.7272662318711288,0.0,0.0,0.7272662318711288
num_positive_words,0.7272662318711288,-3.0036532880028944e-06,0.00031328184668089596,0.7272692355244168
char_svd_90,0.7272662318711288,-7.5449137883154546e-06,0.00034712653986146956,0.7272737767849171
has_good_quality,0.7272662318711288,-1.0673659014526216e-05,0.00018323848373759502,0.7272769055301433
word_svd_109,0.7272662318711288,-1.906962116857702e-05,0.0007126998456511372,0.7272853014922974
word_svd_116,0.7272662318711288,-2.6351452622663808e-05,0.0003876127760854292,0.7272925833237515
char_svd_127,0.7272662318711288,-3.385287486354915e-05,0.0003910641265480914,0.7273000847459924
word_svd_117,0.7272662318711288,-4.4641381530463596e-05,0.0007281428720258712,0.7273108732526593
word_svd_8,0.7272662318711288,-4.665093952207489e-05,0.0007292908137671022,0.7273128828106509
has_liked,0.7272662318711288,-5.91025146138513e-05,0.0001182050292277026,0.7273253343857427
char_svd_123,0.7272662318711288,-6.308483968362478e-05,0.00026186512911589654,0.7273293167108125
num_colons,0.7272662318711288,-7.696630750095857e-05,0.0002405290338911073,0.7273431981786298
class_0_top_match_count,0.7272662318711288,-7.724782946028075e-05,0.0005250283880719318,0.7273434797005891
char_svd_63,0.7272662318711288,-8.134825182968264e-05,0.0007369114555320515,0.7273475801229585
num_sentences,0.7272662318711288,-9.025395261368363e-05,0.0006655873681750164,0.7273564858237425
char_svd_51,0.7272662318711288,-9.484667083052845e-05,0.000642943097995101,0.7273610785419593
sentiment_lexicon_diff,0.7272662318711288,-9.982024297883196e-05,0.0016268039785028356,0.7273660521141077
char_svd_131,0.7272662318711288,-0.00010308944305899015,0.0007219786994995439,0.7273693213141879
num_words_raw,0.7272662318711288,-0.00010328022438246264,0.0003051091593078504,0.7273695120955113
word_svd_150,0.7272662318711288,-0.00011497474942998576,0.0004773258342917817,0.7273812066205588
char_svd_23,0.7272662318711288,-0.00011551765529196344,0.0006928457522961763,0.7273817495264208
char_svd_128,0.7272662318711288,-0.0001275352443577793,0.0007401335251593348,0.7273937671154866
char_svd_134,0.7272662318711288,-0.00012991265820128106,0.00015126516282352906,0.7273961445293301
char_svd_19,0.7272662318711288,-0.00013264806709039066,0.0009249304731357909,0.7273988799382192
char_svd_97,0.7272662318711288,-0.00013634089991696464,0.0005322717705580902,0.7274025727710458
has_strong_negative_phrase,0.7272662318711288,-0.00013951343237685875,0.0001648622716226869,0.7274057453035057
num_questions,0.7272662318711288,-0.00015022141348510764,0.00016838860275673217,0.7274164532846139
class_1_top_match_count,0.7272662318711288,-0.00016381881276383847,0.00014845666741043805,0.7274300506838927
word_svd_148,0.7272662318711288,-0.00016952243150774037,0.0006648470475589522,0.7274357543026365
char_svd_9,0.7272662318711288,-0.0001717706422412757,0.0009605717525586442,0.7274380025133701
char_svd_41,0.7272662318711288,-0.00017304418585755154,0.0012786339202585531,0.7274392760569863
char_svd_71,0.7272662318711288,-0.00017587162929419975,0.0007539155263520172,0.727442103500423
char_svd_148,0.7272662318711288,-0.00017869342761822615,0.0003507880291737719,0.727444925298747
char_svd_106,0.7272662318711288,-0.00018987622428376927,0.0006571863117230387,0.7274561080954126
word_svd_39,0.7272662318711288,-0.00019481859011676316,0.0008779975305844504,0.7274610504612455
word_svd_57,0.7272662318711288,-0.00019545731622407913,0.001513391798563207,0.7274616891873529
char_svd_59,0.7272662318711288,-0.00019750819383292927,0.00033834354645880297,0.7274637400649617
char_svd_45,0.7272662318711288,-0.00022291301402508346,0.0004499687476700472,0.7274891448851539
char_svd_145,0.7272662318711288,-0.0002514802244685477,0.001146183771231482,0.7275177120955973
word_svd_118,0.7272662318711288,-0.00025326218757879546,0.000490203293807212,0.7275194940587076
word_svd_187,0.7272662318711288,-0.00025950163889481014,0.0005994271876900712,0.7275257335100236
word_svd_154,0.7272662318711288,-0.00025989896077240895,0.00029024983192767374,0.7275261308319012
word_svd_164,0.7272662318711288,-0.0002630062379011422,0.0005298226743092787,0.7275292381090299
digit_ratio,0.7272662318711288,-0.0002673901428570824,0.0008419359389049237,0.7275336220139859
word_svd_135,0.7272662318711288,-0.0002694435962287578,0.0004325565906081692,0.7275356754673575
word_svd_15,0.7272662318711288,-0.00027791669636769714,0.0007055516398196424,0.7275441485674965
word_svd_50,0.7272662318711288,-0.0002799790244447653,0.0003357956796643348,0.7275462108955736
word_svd_143,0.7272662318711288,-0.00028967399012134185,0.0005788186011042417,0.7275559058612502
char_svd_43,0.7272662318711288,-0.00031012981883407067,0.0008171498619961554,0.7275763616899629
word_svd_41,0.7272662318711288,-0.0003136539223788981,0.0004880725359637861,0.7275798857935077
char_svd_83,0.7272662318711288,-0.0003174921719186763,0.0006421148271227504,0.7275837240430475
char_svd_75,0.7272662318711288,-0.0003346244840960022,0.0004956375001209584,0.7276008563552249
char_svd_126,0.7272662318711288,-0.00034037022979871434,0.0005343644152880167,0.7276066021009275
char_svd_52,0.7272662318711288,-0.0003446042755990142,0.0009621759772978236,0.7276108361467278
word_svd_34,0.7272662318711288,-0.0003598398827783456,0.0007770468860080221,0.7276260717539071
char_svd_17,0.7272662318711288,-0.00036126606003581416,0.0013144668361834819,0.7276274979311647
word_svd_104,0.7272662318711288,-0.0003841346704253956,0.0004275028579512057,0.7276503665415542
char_svd_125,0.7272662318711288,-0.000388570335284788,0.0007914042857638837,0.7276548022064137
char_svd_110,0.7272662318711288,-0.0003997574715077556,0.0003417491460564548,0.7276659893426366
char_svd_80,0.7272662318711288,-0.00040276505225980144,0.00036098061730744925,0.7276689969233886
char_svd_65,0.7272662318711288,-0.0004205844369408185,0.0006847551451568597,0.7276868163080696
word_svd_106,0.7272662318711288,-0.0004338073753513916,0.00038266484049509286,0.7277000392464802
std_word_len,0.7272662318711288,-0.00044419681044263195,0.000606268403227328,0.7277104286815714
num_long_tokens_raw,0.7272662318711288,-0.00044468325390127904,0.0006338780348410576,0.7277109151250301
char_svd_66,0.7272662318711288,-0.0004684918140146932,0.0006821579656592194,0.7277347236851435
word_svd_32,0.7272662318711288,-0.0004791191298452624,0.0003296126220640663,0.727745351000974
class_1_top_unique_match_count,0.7272662318711288,-0.0004820052291199861,0.0001741110667855618,0.7277482371002488
word_svd_171,0.7272662318711288,-0.0005169545802782505,0.0006565728523995619,0.727783186451407
word_svd_136,0.7272662318711288,-0.0005322526120571825,0.0020720171117217206,0.727798484483186
char_svd_7,0.7272662318711288,-0.0005407046208867783,0.0007538997200231966,0.7278069364920156
char_svd_79,0.7272662318711288,-0.0005581176914512209,0.0005840154574022113,0.72782434956258
char_svd_16,0.7272662318711288,-0.000565168093636692,0.0004946741196146848,0.7278313999647655
word_svd_52,0.7272662318711288,-0.0005823154519291717,0.0007044651030692934,0.727848547323058
char_svd_89,0.7272662318711288,-0.0005927628953401376,0.000494582065683964,0.727858994766469
word_svd_92,0.7272662318711288,-0.0006031312703218772,0.0009822011762542144,0.7278693631414507
char_svd_138,0.7272662318711288,-0.0006134705196719325,0.0007988738543425117,0.7278797023908008
char_svd_121,0.7272662318711288,-0.0006363281355350025,0.0003970354892797986,0.7279025600066639
avg_punct_per_sentence,0.7272662318711288,-0.0006545916403423613,0.0004337660601645336,0.7279208235114711
word_svd_27,0.7272662318711288,-0.0006554983865716846,0.0008681283517350865,0.7279217302577005
word_svd_107,0.7272662318711288,-0.0006603108659622547,0.0007166005771661565,0.7279265427370911
char_svd_20,0.7272662318711288,-0.0006659993109829676,0.000587871878706115,0.7279322311821118
char_svd_101,0.7272662318711288,-0.0006920418124756411,0.000903426237482621,0.7279582736836044
word_svd_196,0.7272662318711288,-0.0007305270753156012,0.0008663385320861295,0.7279967589464444
word_svd_87,0.7272662318711288,-0.0007318382761297481,0.0006648255138876771,0.7279980701472586
char_svd_118,0.7272662318711288,-0.0007330365894643975,0.000552803577440026,0.7279992684605933
char_svd_36,0.7272662318711288,-0.0007694121339024251,0.0005407857565648015,0.7280356440050313
word_svd_18,0.7272662318711288,-0.0007811900210553891,0.0003734656930831116,0.7280474218921842
char_svd_88,0.7272662318711288,-0.0008882835631993435,0.0009434468457232942,0.7281545154343282
word_svd_166,0.7272662318711288,-0.0008902887299362172,0.0008462212721259934,0.7281565206010651
char_svd_124,0.7272662318711288,-0.0009193910072176736,0.00046088545342044373,0.7281856228783465
word_svd_79,0.7272662318711288,-0.0009539659142787426,0.0003971766461834354,0.7282201977854076
char_svd_32,0.7272662318711288,-0.000983284838040066,0.00045675580943057756,0.7282495167091689
word_svd_174,0.7272662318711288,-0.0010200376647277354,0.0006790584603104041,0.7282862695358565
char_svd_142,0.7272662318711288,-0.001020965002352847,0.0007140981886897439,0.7282871968734816
word_svd_168,0.7272662318711288,-0.0010275988051810625,0.0005024981537620379,0.7282938306763099
num_brackets,0.7272662318711288,-0.001085552790732458,0.0010659162777022508,0.7283517846618612
char_svd_81,0.7272662318711288,-0.0010928462199369716,0.0020627069890041504,0.7283590780910658
char_svd_74,0.7272662318711288,-0.0011909253981490452,0.00044797262474075635,0.7284571572692778
word_svd_95,0.7272662318711288,-0.0011981220048270735,0.0006787126910743269,0.7284643538759559
word_svd_66,0.7272662318711288,-0.0012930989406366943,0.00027716413220426077,0.7285593308117655
word_svd_88,0.7272662318711288,-0.0013255603511020952,0.0006069929620899697,0.7285917922222309
word_svd_178,0.7272662318711288,-0.0013394680431514593,0.0007983088477801865,0.7286056999142803
word_svd_161,0.7272662318711288,-0.0014409062293849972,0.00025531898269068163,0.7287071381005138
word_svd_91,0.7272662318711288,-0.0015595836842048794,0.0005245307405321034,0.7288258155553337
word_svd_131,0.7272662318711288,-0.0017872520465685548,0.0008213408400094122,0.7290534839176974
word_svd_46,0.7272662318711288,-0.0017888184098282301,0.0003762510246877314,0.7290550502809571
